<?xml version="1.0" encoding="UTF-8"?>
<project-private xmlns="http://www.netbeans.org/ns/project-private/1">
    <editor-bookmarks xmlns="http://www.netbeans.org/ns/editor-bookmarks/2" lastBookmarkId="0"/>
    <open-files xmlns="http://www.netbeans.org/ns/projectui-open-files/2">
        <group>
            <file>file:/D:/Pranith/Resources/Java/Online-Food-Ordering-System-master/Lyft_food/src/lyft_food/Foody.java</file>
            <file>file:/D:/Pranith/Resources/Java/Online-Food-Ordering-System-master/Lyft_food/src/lyft_food/MenuModel.java</file>
        </group>
    </open-files>
</project-private>
